{
    "2": {
        "ackley": {
            "pso_alg": [
                0.0,
                0.0,
                0.0,
                0.0,
                0.0,
                0.0,
                0.0,
                0.0,
                0.0,
                0.0,
                0.0,
                0.0,
                0.0,
                0.0,
                0.0,
                0.0,
                0.0,
                0.0,
                0.0,
                0.0,
                0.0,
                0.0,
                0.0,
                0.0,
                0.0,
                0.0,
                0.0,
                0.0,
                0.0,
                0.0
            ]
        },
        "alpine_function": {
            "pso_alg": [
                1.028439354959174e-177,
                2.2374631628942104e-179,
                6.389179968013062e-177,
                6.366418430665562e-178,
                9.545672686382467e-176,
                0.0,
                9.806058209534695e-187,
                1.3451263100972266e-195,
                0.0,
                0.0,
                1.3151446260835002e-189,
                2.3170348004603695e-177,
                2.940112111176711e-198,
                0.0,
                1.3829995058702322e-177,
                0.0,
                1.260141110648497e-196,
                1.7004980622068383e-176,
                0.0,
                1.2542505661649199e-178,
                6.00094888617143e-193,
                0.0,
                8.976492212809734e-189,
                0.0,
                4.4375774924541824e-189,
                4.213839890711377e-194,
                8.630106649290239e-176,
                0.0,
                6.502325286316982e-197,
                0.0
            ]
        },
        "salomon_function": {
            "pso_alg": [
                0.0,
                0.0,
                0.09987334584681097,
                0.09987334584681097,
                0.0,
                0.09987334584681097,
                0.09987334584681097,
                0.09987334584681097,
                0.0,
                0.09987334584681097,
                0.0,
                0.09987334584681097,
                0.0,
                0.09987334584681097,
                0.0,
                0.0,
                0.0,
                0.09987334584681097,
                0.0,
                0.09987334584681097,
                0.09987334584681097,
                0.0,
                0.09987334584681097,
                0.0,
                0.0,
                0.09987334584681097,
                0.09987334584681097,
                0.0,
                0.0,
                0.09987334584681097
            ]
        }
    },
    "10": {
        "ackley": {
            "pso_alg": [
                1.3893076269465148,
                0.7715094519750458,
                0.7142136145701024,
                0.5217315760915255,
                1.5088557218640624,
                0.41578171144794496,
                2.910483812397576,
                0.9978184176251297,
                1.320617371133519,
                0.9704706172924453,
                2.987649133170546,
                0.3819816124192279,
                1.2447596773418326,
                2.1999515416051025,
                0.446409128683257,
                0.5407920544348812,
                1.0073236946225492,
                0.6949128544158789,
                0.6239764263560552,
                0.5699291802235145,
                1.0618826818188332,
                1.2523397393000302,
                0.40014039850444405,
                0.9650759128402129,
                1.5637968523800723,
                0.7712188238702744,
                1.5721007782184806,
                1.3825195437281543,
                0.7496753622844032,
                0.7117342912061986
            ]
        },
        "alpine_function": {
            "pso_alg": [
                0.0013246723433369026,
                0.002899712748209607,
                0.09358797695241892,
                0.006117959930704457,
                0.0010780204769829016,
                0.0033511629717352396,
                0.001352599687168353,
                0.0015853427761569451,
                0.006127491783644218,
                0.06359877035879347,
                0.06613853101131918,
                0.006537043445086154,
                0.001183260574800546,
                0.2258656512887001,
                0.00475677002496524,
                0.22503651495441973,
                0.003930743622424802,
                0.009834133575926426,
                0.002534733614666596,
                0.004727887551110559,
                0.0016289243272539268,
                0.0006274280361644711,
                0.00252386596252262,
                0.14679272083640732,
                0.006603399888499822,
                0.31094473278644147,
                0.003045674620459193,
                0.07340224588551646,
                0.004933215974721377,
                0.003268966950652719
            ]
        },
        "salomon_function": {
            "pso_alg": [
                0.199873345846811,
                0.199873345846811,
                0.199873345846811,
                0.199873345846811,
                0.199873345846811,
                0.199873345846811,
                0.09987334584681097,
                0.09987334584681097,
                0.199873345846811,
                0.09987334584681097,
                0.09987334584681097,
                0.199873345846811,
                0.09987334584681097,
                0.09987334584681097,
                0.09987334584681097,
                0.09987334584681097,
                0.09987334584681097,
                0.09987334584681097,
                0.09987334584681097,
                0.09987334584681097,
                0.199873345846811,
                0.09987334584681097,
                0.199873345846811,
                0.09987334584681097,
                0.09987334584681097,
                0.09987334584681097,
                0.199873345846811,
                0.199873345846811,
                0.199873345846811,
                0.09987334584681097
            ]
        }
    },
    "30": {
        "ackley": {
            "pso_alg": [
                0.7280563665073174,
                0.8660527206448414,
                0.8626878932977426,
                1.244372793878167,
                0.9733334666358928,
                2.030439303293722,
                1.140508042293991,
                1.0665050035613284,
                1.2367113858932193,
                1.0859442731242233,
                0.7589254200454967,
                0.8089064080640611,
                1.2917680500019877,
                1.1744858949533103,
                1.069581798734493,
                1.4355773699493461,
                1.2993118349711317,
                1.6368470162841326,
                0.8015940276922287,
                1.164452664700221,
                1.1178629278676766,
                1.2443482397729646,
                0.8981404627031715,
                0.7847226845546018,
                1.1795895565604368,
                1.0579858947120933,
                0.9217638345185186,
                1.3610878354891334,
                0.9373282559274969,
                1.0811376526002334
            ]
        },